ts,rate
1758412800000,6.911e-05
1758441600000,0.0001
1758470400000,8.065e-05
1758499200000,4.095e-05
1758528000000,8.326e-05
1758556800000,8.6e-07
1758585600000,3.469e-05
1758614400000,-1.646e-05
1758643200000,-2.302e-05
1758672000000,-2.517e-05
1758700800000,1.004e-05
1758729600000,6.94e-05
1758758400000,4.029e-05
1758787200000,-3.74e-06
1758816000000,-2.638e-05
1758844800000,5.93e-05
1758873600000,3.018e-05
1758902400000,7.381e-05
1758931200000,6.796e-05
1758960000000,6.45e-05
1758988800000,6.911e-05
1759017600000,0.0001
1759046400000,1.443e-05
1759075200000,5.984e-05
1759104000000,0.0001
1759132800000,6.586e-05
1759161600000,0.0001
1759190400000,6.638e-05
1759219200000,8.111e-05
1759248000000,1.288e-05
1759276800000,0.0001
1759305600000,0.0001
1759334400000,2.801e-05
1759363200000,4.183e-05
1759392000000,6.812e-05
1759420800000,9.106e-05
1759449600000,1.482e-05
1759478400000,6.6e-07
1759507200000,1.396e-05
1759536000000,8.84e-06
1759564800000,5.991e-05
1759593600000,4.757e-05
1759622400000,0.0001
1759651200000,0.0001
1759680000000,7.664e-05
1759708800000,9.618e-05
1759737600000,0.0001
1759766400000,7.58e-05
1759795200000,2.46e-06
1759824000000,-2.887e-05
1759852800000,0.0001
1759881600000,0.0001
1759910400000,0.0001
1759939200000,0.0001
1759968000000,3.109e-05
1759996800000,3.706e-05
1760025600000,5.581e-05
1760054400000,0.0001
1760083200000,0.0001
1760112000000,4.578e-05
1760140800000,-0.00014131
1760169600000,0.0001
1760198400000,0.0001
1760227200000,-7.37e-06
1760256000000,2.84e-05
1760284800000,6.092e-05
1760313600000,0.0001
1760342400000,0.0001
1760371200000,4.824e-05
1760400000000,7.775e-05
1760428800000,-2.259e-05
1760457600000,3e-07
1760486400000,9.62e-06
1760515200000,2.225e-05
1760544000000,-1.58e-06
1760572800000,3.29e-06
1760601600000,-4.75e-06
1760630400000,-3.787e-05
1760659200000,9.25e-06
1760688000000,-8.91e-06
1760716800000,1.371e-05
1760745600000,-2.473e-05
1760774400000,-1.289e-05
1760803200000,5.928e-05
1760832000000,3.953e-05
1760860800000,3.762e-05
1760889600000,0.0001
1760918400000,5.677e-05
1760947200000,0.0001
1760976000000,0.0001
1761004800000,7.228e-05
1761033600000,1.871e-05
1761062400000,8.799e-05
1761091200000,2.025e-05
1761120000000,4.647e-05
1761148800000,5.5e-05
1761177600000,5.646e-05
1761206400000,0.0001
1761235200000,6.755e-05
1761264000000,-1.64e-06
1761292800000,0.0001
1761321600000,4.654e-05
1761350400000,3.168e-05
1761379200000,0.0001
1761408000000,0.0001
1761436800000,9.909e-05
1761465600000,5.578e-05
1761494400000,0.0001
1761523200000,0.0001
1761552000000,0.0001
1761580800000,5.882e-05
1761609600000,1.045e-05
1761638400000,3.558e-05
1761667200000,8.991e-05
1761696000000,-3.96e-06
1761724800000,1.593e-05
1761753600000,1.663e-05
1761782400000,2.081e-05
1761811200000,3.62e-05
1761840000000,-2.633e-05
1761868800000,2.357e-05
1761897600000,0.0001
1761926400000,5.658e-05
1761955200000,2.475e-05
1761984000000,2.432e-05
1762012800000,6.744e-05
1762041600000,5.819e-05
1762070400000,4.76e-05
1762099200000,1.946e-05
1762128000000,2.067e-05
1762156800000,-4.708e-05
1762185600000,5.29e-05
1762214400000,3.846e-05
1762243200000,-1.217e-05
1762272000000,4.548e-05
1762300800000,4.865e-05
1762329600000,1.344e-05
1762358400000,-1.14e-05
1762387200000,2.099e-05
1762416000000,3.291e-05
1762444800000,4.827e-05
1762473600000,-3.307e-05
1762502400000,3.929e-05
1762531200000,2.52e-05
1762560000000,7.924e-05
1762588800000,8.47e-06
1762617600000,-7.44e-06
1762646400000,-1.71e-06
1762675200000,3.745e-05
1762704000000,7.699e-05
1762732800000,9.233e-05
1762761600000,8.068e-05
1762790400000,4.716e-05
1762819200000,1.35e-05
1762848000000,-4.885e-05
1762876800000,5.706e-05
1762905600000,6.811e-05
1762934400000,3.386e-05
1762963200000,9.323e-05
1762992000000,-1.163e-05
1763020800000,1.427e-05
1763049600000,2.564e-05
1763078400000,-4.056e-05
1763107200000,1.296e-05
1763136000000,5.789e-05
1763164800000,4.552e-05
1763193600000,7.12e-05
1763222400000,4.47e-05
1763251200000,9.79e-06
1763280000000,3.754e-05
1763308800000,4.955e-05
1763337600000,5.953e-05
1763366400000,0.0001
1763395200000,7.101e-05
1763424000000,8.162e-05
1763452800000,4.31e-05
1763481600000,0.0001
1763510400000,4.908e-05
1763539200000,-4.34e-06
1763568000000,-9.81e-06
1763596800000,4.555e-05
1763625600000,0.0001
1763654400000,1.338e-05
1763683200000,-4.79e-06
1763712000000,-7.26e-06
1763740800000,5.602e-05
1763769600000,3.39e-05
1763798400000,2.259e-05
1763827200000,6.123e-05
1763856000000,4.974e-05
1763884800000,4.368e-05
1763913600000,9.31e-06
1763942400000,-1.427e-05
1763971200000,-3.212e-05
1764000000000,-1.6e-07
1764028800000,-6.725e-05
1764057600000,-4.14e-06
1764086400000,-4.901e-05
1764115200000,-9.27e-06
1764144000000,-2.68e-06
1764172800000,1.62e-06
1764201600000,3.41e-05
1764230400000,-3.03e-06
1764259200000,-8.01e-06
1764288000000,1.7e-06
1764316800000,-3.78e-06
1764345600000,-7.46e-06
1764374400000,-9.691e-05
1764403200000,-9.76e-06
1764432000000,1.029e-05
1764460800000,7.307e-05
1764489600000,5.238e-05
1764518400000,1.622e-05
1764547200000,7.5e-06
1764576000000,-6.05e-06
1764604800000,-1.07e-06
1764633600000,-9.17e-06
1764662400000,4.832e-05
1764691200000,1.79e-05
1764720000000,9.24e-06
1764748800000,2.73e-05
1764777600000,3.174e-05
1764806400000,7.408e-05
1764835200000,3.057e-05
1764864000000,-8.57e-06
1764892800000,1.741e-05
1764921600000,4.438e-05
1764950400000,-8.68e-06
1764979200000,-5.86e-06
1765008000000,-3.31e-05
1765036800000,-4.707e-05
1765065600000,-8.28e-06
1765094400000,-1.167e-05
1765123200000,2.284e-05
1765152000000,2.87e-05
1765180800000,8.354e-05
1765209600000,3.817e-05
1765238400000,-1.767e-05
1765267200000,1.299e-05
1765296000000,1.324e-05
1765324800000,3.203e-05
1765353600000,1.545e-05
1765382400000,1.461e-05
1765411200000,3.674e-05
1765440000000,-2.557e-05
1765468800000,3.62e-05
1765497600000,8.389e-05
1765526400000,9.806e-05
1765555200000,2.758e-05
1765584000000,-3.41e-06
1765612800000,-2.63e-06
1765641600000,3.709e-05
1765670400000,3.698e-05
1765699200000,1.145e-05
1765728000000,-7.81e-06
1765756800000,4.88e-06
1765785600000,2.867e-05
1765814400000,3.887e-05
1765843200000,7.57e-06
1765872000000,-1.351e-05
1765900800000,5.556e-05
1765929600000,4.598e-05
1765958400000,1.137e-05
1765987200000,8.443e-05
1766016000000,1.63e-06
1766044800000,7.539e-05
1766073600000,0.0001
1766102400000,-6.76e-06
1766131200000,1.709e-05
1766160000000,7.296e-05
1766188800000,3.18e-05
1766217600000,-7.1e-06
1766246400000,-3.557e-05
1766275200000,1.724e-05
1766304000000,-5.37e-06
1766332800000,-1.499e-05
1766361600000,5.372e-05
1766390400000,5.485e-05
1766419200000,6.76e-05
1766448000000,-2.911e-05
1766476800000,-1.673e-05
1766505600000,1.491e-05
1766534400000,2.786e-05
1766563200000,-2.072e-05
1766592000000,4.572e-05
1766620800000,9.492e-05
1766649600000,7.46e-05
1766678400000,5.249e-05
1766707200000,3.744e-05
1766736000000,0.0001
1766764800000,0.0001
1766793600000,3.048e-05
1766822400000,2.438e-05
1766851200000,6.103e-05
1766880000000,5.786e-05
1766908800000,0.0001
1766937600000,9.813e-05
1766966400000,3.373e-05
1766995200000,0.0001
1767024000000,-2.482e-05
1767052800000,5.475e-05
1767081600000,-3.667e-05
1767110400000,6.054e-05
1767139200000,3.257e-05
1767168000000,9.464e-05
1767196800000,0.0001
1767225600000,3.574e-05
1767254400000,8.507e-05
1767283200000,9.47e-06
1767312000000,0.0001
1767340800000,0.0001
1767369600000,5.313e-05
1767398400000,-2.524e-05
1767427200000,2.096e-05
1767456000000,5.118e-05
1767484800000,0.0001
1767513600000,6.052e-05
1767542400000,-7.9e-07
1767571200000,-1.535e-05
1767600000000,5.121e-05
1767628800000,4.996e-05
1767657600000,-4.661e-05
1767686400000,-2.22e-05
1767715200000,4.68e-05
1767744000000,9.017e-05
1767772800000,9.575e-05
1767801600000,2.304e-05
1767830400000,8.564e-05
1767859200000,-1.38e-05
1767888000000,5.29e-05
1767916800000,2.24e-06
1767945600000,5.446e-05
1767974400000,1.388e-05
1768003200000,5.876e-05
1768032000000,0.0001
1768060800000,8.103e-05
1768089600000,4.147e-05
1768118400000,9.574e-05
1768147200000,4.794e-05
1768176000000,3.946e-05
1768204800000,2.655e-05
1768233600000,5.58e-06
1768262400000,2.203e-05
1768291200000,0.0001
1768320000000,8.533e-05
1768348800000,7.769e-05
1768377600000,0.0001
1768406400000,0.0001
1768435200000,-7.68e-06
1768464000000,1.93e-06
1768492800000,-4.41e-06
1768521600000,-3.671e-05
1768550400000,5.038e-05
1768579200000,3.96e-06
1768608000000,6.897e-05
1768636800000,1.796e-05
1768665600000,4.64e-06
1768694400000,4.95e-06
1768723200000,4.877e-05
1768752000000,1.662e-05
1768780800000,-1.073e-05
1768809600000,-2.772e-05
1768838400000,2.1e-05
1768867200000,3.081e-05
1768896000000,-1.587e-05
1768924800000,-1.241e-05
1768953600000,3.191e-05
1768982400000,3.3e-06
1769011200000,4.007e-05
1769040000000,5.715e-05
1769068800000,3.047e-05
1769097600000,4.6e-07
1769126400000,4.883e-05
1769155200000,2.626e-05
1769184000000,-3.242e-05
1769212800000,-9.22e-06
1769241600000,-2.571e-05
1769270400000,-2.308e-05
1769299200000,-2.888e-05
1769328000000,4.576e-05
1769356800000,3.977e-05
1769385600000,-2.42e-06
1769414400000,4.497e-05
1769443200000,3.7e-05
1769472000000,3.771e-05
1769500800000,1.233e-05
1769529600000,-3.249e-05
1769558400000,5.878e-05
1769587200000,7.136e-05
1769616000000,4.604e-05
1769644800000,2.277e-05
1769673600000,1.655e-05
1769702400000,-6.85e-06
1769731200000,-1.576e-05
1769760000000,-6.865e-05
1769788800000,-4.013e-05
1769817600000,9.175e-05
1769846400000,4.577e-05
1769875200000,2.269e-05
1769904000000,8.18e-06
1769932800000,-1.777e-05
1769961600000,1.922e-05
1769990400000,5.086e-05
1770019200000,3.33e-06
1770048000000,-2.239e-05
1770076800000,-2.664e-05
1770105600000,2.969e-05
1770134400000,-4.127e-05
1770163200000,2.78e-06
1770192000000,9.059e-05
1770220800000,4.301e-05
1770249600000,4.71e-05
1770278400000,2.503e-05
1770307200000,2.066e-05
1770336000000,8.72e-06
1770364800000,-7.84e-06
1770393600000,-9.333e-05
1770422400000,-6.377e-05
1770451200000,1.339e-05
1770480000000,2.463e-05
1770508800000,6.51e-06
1770537600000,-4.565e-05
1770566400000,-9.66e-06
1770595200000,1.522e-05
1770624000000,-1.797e-05
1770652800000,-3.862e-05
1770681600000,6.1e-05
1770710400000,-4.32e-05
1770739200000,-5.877e-05
1770768000000,-2.347e-05
1770796800000,-6.234e-05
1770825600000,-8.41e-06
1770854400000,9.04e-06
1770883200000,7.205e-05
1770912000000,0.0001
1770940800000,1.48e-06
1770969600000,3.691e-05
1770998400000,3.088e-05
1771027200000,-1.529e-05
1771056000000,-1.51e-05
1771084800000,8.737e-05
1771113600000,6.207e-05
1771142400000,3.283e-05
1771171200000,2.12e-05
1771200000000,7.436e-05
1771228800000,3.523e-05
1771257600000,-2.246e-05
1771286400000,3.206e-05
1771315200000,1.909e-05
1771344000000,-1.232e-05
1771372800000,1.873e-05
1771401600000,-1.7e-06
1771430400000,4.04e-06
1771459200000,-1.595e-05
1771488000000,5.2e-05
1771516800000,9.29e-06
1771545600000,0.0001
1771574400000,0.0001
1771603200000,7.455e-05
1771632000000,0.0001
1771660800000,9.803e-05
1771689600000,8.445e-05
1771718400000,1.996e-05
1771747200000,-2.637e-05
1771776000000,-7.55e-06
1771804800000,-2.32e-06
1771833600000,-6.028e-05
1771862400000,1.294e-05
1771891200000,-4.456e-05
1771920000000,-8.39e-05
1771948800000,2.037e-05
1771977600000,1.405e-05
1772006400000,0.0001
1772035200000,5.544e-05
1772064000000,3.563e-05
1772092800000,0.0001
1772121600000,4.048e-05
1772150400000,3.949e-05
1772179200000,-6.7e-06
1772208000000,-1.23e-06
1772236800000,-1.3e-05
1772265600000,-4.555e-05
1772294400000,-2.304e-05
1772323200000,2.72e-05
1772352000000,9.248e-05
1772380800000,6.513e-05
1772409600000,1.312e-05
1772438400000,3.004e-05
1772467200000,2.662e-05
1772496000000,1.835e-05
1772524800000,1.216e-05
1772553600000,7.04e-06
1772582400000,2.232e-05
1772611200000,-5.33e-06
1772640000000,3.549e-05
1772668800000,-5.395e-05
1772697600000,-4.077e-05
1772726400000,-4.675e-05
1772755200000,-6.5e-06
1772784000000,1.7e-06
1772812800000,-3.68e-06
1772841600000,-5.886e-05
1772870400000,-2.954e-05
1772899200000,-1.84e-05
1772928000000,-3.754e-05
1772956800000,-4.305e-05
1772985600000,-3.147e-05
1773014400000,-3.904e-05
1773043200000,-2.969e-05
1773072000000,-4.027e-05
1773100800000,-6.036e-05
1773129600000,5.053e-05
1773158400000,3.653e-05
1773187200000,-0.00010651
1773216000000,-4.524e-05
1773244800000,-3.643e-05
1773273600000,-6.084e-05
1773302400000,-5.94e-05
1773331200000,-3.673e-05
1773360000000,-4.285e-05
1773388800000,5.018e-05
1773417600000,8.1e-07
1773446400000,-6.159e-05
1773475200000,-3.443e-05
1773504000000,-8.727e-05
1773532800000,-5.834e-05
1773561600000,4.94e-06
1773590400000,3.891e-05
1773619200000,-1.303e-05
1773648000000,6.555e-05
1773676800000,-9.1e-07
1773705600000,9.33e-05
1773734400000,4.348e-05
1773763200000,-3.818e-05
1773792000000,4.29e-06
1773820800000,1.092e-05
1773849600000,-3.817e-05
1773878400000,1.783e-05
1773907200000,1.935e-05
1773936000000,2.36e-06
1773964800000,5.293e-05
1773993600000,4.069e-05
1774022400000,1.439e-05
1774051200000,5.021e-05
1774080000000,3.867e-05
1774108800000,-2.305e-05
1774137600000,-9.613e-05
1774166400000,-6.035e-05
1774195200000,-1.448e-05
1774224000000,-3.128e-05
1774252800000,9.98e-06
1774281600000,5.61e-05
1774310400000,3.782e-05
1774339200000,1.995e-05
1774368000000,5.202e-05
1774396800000,5.529e-05
1774425600000,0.0001
1774454400000,-5.1e-07
1774483200000,8.72e-06
1774512000000,-6.81e-06
1774540800000,7.21e-06
1774569600000,6.279e-05
1774598400000,1.085e-05
1774627200000,-4.22e-05
1774656000000,6.645e-05
1774684800000,-1.938e-05
1774713600000,-3.452e-05
1774742400000,-1.612e-05
1774771200000,-2.567e-05
1774800000000,1.795e-05
1774828800000,1.496e-05
1774857600000,-8.47e-06
1774886400000,-6.93e-06
1774915200000,-4.15e-05
1774944000000,3.004e-05
1774972800000,2.679e-05
1775001600000,1.245e-05
1775030400000,8.087e-05
1775059200000,2.341e-05
1775088000000,-5.38e-06
1775116800000,-5.339e-05
1775145600000,-5.711e-05
1775174400000,2.082e-05
1775203200000,-2.173e-05
1775232000000,1.606e-05
1775260800000,4.64e-05
1775289600000,3.085e-05
1775318400000,1.429e-05
1775347200000,2.88e-06
1775376000000,-3.078e-05
1775404800000,1.708e-05
1775433600000,4.917e-05
1775462400000,6.702e-05
1775491200000,-1.085e-05
1775520000000,-6.556e-05
1775548800000,-2.482e-05
1775577600000,3.37e-06
1775606400000,8.173e-05
1775635200000,7.604e-05
1775664000000,3.729e-05
